insert into "PORTAL"."PERMISSION" ("ID", "NAME", "DESCRIPTION", "UUID", "CREATEDTIME", "UPDATEDTIME", "DELETEDTIME", "ISDELETED", "OBJECTTYPE", "ACTION" ) values (22175035, 'Billing', 'Billing permission', '01525d3b', TO_DATE('2017/04/25 01:50:14', 'YYYY/MM/DD HH24:MI:SS'), TO_DATE('2017/04/25 01:50:14', 'YYYY/MM/DD HH24:MI:SS'), null, '0', 'Billing', 'billing');
insert into "PORTAL"."PERMISSION" ("ID", "NAME", "DESCRIPTION", "UUID", "CREATEDTIME", "UPDATEDTIME", "DELETEDTIME", "ISDELETED", "OBJECTTYPE", "ACTION" ) values (42885903, 'Tenant User Delete', 'Delete Tenant User permission', '028e630f', TO_DATE('2017/04/25 01:48:53', 'YYYY/MM/DD HH24:MI:SS'), TO_DATE('2017/04/25 01:48:53', 'YYYY/MM/DD HH24:MI:SS'), null, '0', 'TenantUsers', 'delete');
insert into "PORTAL"."PERMISSION" ("ID", "NAME", "DESCRIPTION", "UUID", "CREATEDTIME", "UPDATEDTIME", "DELETEDTIME", "ISDELETED", "OBJECTTYPE", "ACTION" ) values (71661407, 'CDS Edit', 'Edit CDS permission', '0445775f', TO_DATE('2017/04/25 01:21:16', 'YYYY/MM/DD HH24:MI:SS'), TO_DATE('2017/04/25 01:21:16', 'YYYY/MM/DD HH24:MI:SS'), null, '0', 'CDSs', 'edit');
insert into "PORTAL"."PERMISSION" ("ID", "NAME", "DESCRIPTION", "UUID", "CREATEDTIME", "UPDATEDTIME", "DELETEDTIME", "ISDELETED", "OBJECTTYPE", "ACTION" ) values (80857519, 'Network Edit', 'Edit Network permission', '04d1c9af', TO_DATE('2017/04/25 01:17:58', 'YYYY/MM/DD HH24:MI:SS'), TO_DATE('2017/04/25 01:17:58', 'YYYY/MM/DD HH24:MI:SS'), null, '0', 'Networks', 'edit');
insert into "PORTAL"."PERMISSION" ("ID", "NAME", "DESCRIPTION", "UUID", "CREATEDTIME", "UPDATEDTIME", "DELETEDTIME", "ISDELETED", "OBJECTTYPE", "ACTION" ) values (84823895, 'Database Delete', 'Delete Database permission', '050e4f57', TO_DATE('2017/04/25 01:15:04', 'YYYY/MM/DD HH24:MI:SS'), TO_DATE('2017/04/25 01:15:04', 'YYYY/MM/DD HH24:MI:SS'), null, '0', 'Databases', 'delete');
insert into "PORTAL"."PERMISSION" ("ID", "NAME", "DESCRIPTION", "UUID", "CREATEDTIME", "UPDATEDTIME", "DELETEDTIME", "ISDELETED", "OBJECTTYPE", "ACTION" ) values (93675766, 'vPort Edit', 'Edit vPort permission', '059560f6', TO_DATE('2017/04/25 01:19:53', 'YYYY/MM/DD HH24:MI:SS'), TO_DATE('2017/04/25 01:19:53', 'YYYY/MM/DD HH24:MI:SS'), null, '0', 'vPorts', 'edit');
insert into "PORTAL"."PERMISSION" ("ID", "NAME", "DESCRIPTION", "UUID", "CREATEDTIME", "UPDATEDTIME", "DELETEDTIME", "ISDELETED", "OBJECTTYPE", "ACTION" ) values (94672081, 'Project Edit', 'Edit Project permission', '05a494d1', TO_DATE('2017/04/25 01:50:46', 'YYYY/MM/DD HH24:MI:SS'), TO_DATE('2017/04/25 01:50:46', 'YYYY/MM/DD HH24:MI:SS'), null, '0', 'Projects', 'edit');
insert into "PORTAL"."PERMISSION" ("ID", "NAME", "DESCRIPTION", "UUID", "CREATEDTIME", "UPDATEDTIME", "DELETEDTIME", "ISDELETED", "OBJECTTYPE", "ACTION" ) values (109269376, 'Container Set public IP', 'Set public IP of container permission', '06835180', TO_DATE('2017/04/25 01:08:23', 'YYYY/MM/DD HH24:MI:SS'), TO_DATE('2017/04/25 01:08:23', 'YYYY/MM/DD HH24:MI:SS'), null, '0', 'Containers', 'set public ip');
insert into "PORTAL"."PERMISSION" ("ID", "NAME", "DESCRIPTION", "UUID", "CREATEDTIME", "UPDATEDTIME", "DELETEDTIME", "ISDELETED", "OBJECTTYPE", "ACTION" ) values (124707496, 'vPort Detach', 'Detach vPort permission', '076ee2a8', TO_DATE('2017/04/25 01:20:15', 'YYYY/MM/DD HH24:MI:SS'), TO_DATE('2017/04/25 01:20:15', 'YYYY/MM/DD HH24:MI:SS'), null, '0', 'vPorts', 'detach');
insert into "PORTAL"."PERMISSION" ("ID", "NAME", "DESCRIPTION", "UUID", "CREATEDTIME", "UPDATEDTIME", "DELETEDTIME", "ISDELETED", "OBJECTTYPE", "ACTION" ) values (158061905, 'vPort View', 'View vPort permission', '096bd551', TO_DATE('2017/04/25 01:20:25', 'YYYY/MM/DD HH24:MI:SS'), TO_DATE('2017/04/25 01:20:25', 'YYYY/MM/DD HH24:MI:SS'), null, '0', 'vPorts', 'view');
insert into "PORTAL"."PERMISSION" ("ID", "NAME", "DESCRIPTION", "UUID", "CREATEDTIME", "UPDATEDTIME", "DELETEDTIME", "ISDELETED", "OBJECTTYPE", "ACTION" ) values (162158029, 'Container Edit', 'Edit container permission', '09aa55cd', TO_DATE('2017/04/25 01:08:51', 'YYYY/MM/DD HH24:MI:SS'), TO_DATE('2017/04/25 01:08:51', 'YYYY/MM/DD HH24:MI:SS'), null, '0', 'Containers', 'edit');
insert into "PORTAL"."PERMISSION" ("ID", "NAME", "DESCRIPTION", "UUID", "CREATEDTIME", "UPDATEDTIME", "DELETEDTIME", "ISDELETED", "OBJECTTYPE", "ACTION" ) values (172961141, 'Project Member Add', 'Add Project Member permission', '0a4f2d75', TO_DATE('2017/04/25 01:27:18', 'YYYY/MM/DD HH24:MI:SS'), TO_DATE('2017/04/25 01:27:18', 'YYYY/MM/DD HH24:MI:SS'), null, '0', 'ProjectMembers', 'add');
insert into "PORTAL"."PERMISSION" ("ID", "NAME", "DESCRIPTION", "UUID", "CREATEDTIME", "UPDATEDTIME", "DELETEDTIME", "ISDELETED", "OBJECTTYPE", "ACTION" ) values (183951749, 'Container Change Status', 'Change status of container permission', '0af6e185', TO_DATE('2017/04/25 01:10:47', 'YYYY/MM/DD HH24:MI:SS'), TO_DATE('2017/04/25 01:10:47', 'YYYY/MM/DD HH24:MI:SS'), null, '0', 'Containers', 'change status');
insert into "PORTAL"."PERMISSION" ("ID", "NAME", "DESCRIPTION", "UUID", "CREATEDTIME", "UPDATEDTIME", "DELETEDTIME", "ISDELETED", "OBJECTTYPE", "ACTION" ) values (184626016, 'vPort Create', 'Create vPort permission', '0b012b60', TO_DATE('2017/04/25 01:19:31', 'YYYY/MM/DD HH24:MI:SS'), TO_DATE('2017/04/25 01:19:31', 'YYYY/MM/DD HH24:MI:SS'), null, '0', 'vPorts', 'create');
insert into "PORTAL"."PERMISSION" ("ID", "NAME", "DESCRIPTION", "UUID", "CREATEDTIME", "UPDATEDTIME", "DELETEDTIME", "ISDELETED", "OBJECTTYPE", "ACTION" ) values (213410991, 'Tenant All', 'All of Tenant permission', '0cb864af', TO_DATE('2017/04/25 01:55:30', 'YYYY/MM/DD HH24:MI:SS'), TO_DATE('2017/04/25 01:55:30', 'YYYY/MM/DD HH24:MI:SS'), null, '0', 'Tenant', 'all');
insert into "PORTAL"."PERMISSION" ("ID", "NAME", "DESCRIPTION", "UUID", "CREATEDTIME", "UPDATEDTIME", "DELETEDTIME", "ISDELETED", "OBJECTTYPE", "ACTION" ) values (213810364, 'CDS View', 'View CDS permission', '0cbe7cbc', TO_DATE('2017/04/25 01:22:51', 'YYYY/MM/DD HH24:MI:SS'), TO_DATE('2017/04/25 01:22:51', 'YYYY/MM/DD HH24:MI:SS'), null, '0', 'CDSs', 'view');
insert into "PORTAL"."PERMISSION" ("ID", "NAME", "DESCRIPTION", "UUID", "CREATEDTIME", "UPDATEDTIME", "DELETEDTIME", "ISDELETED", "OBJECTTYPE", "ACTION" ) values (220551939, 'File System View', 'View File System permission', '0d255b03', TO_DATE('2017/04/25 01:14:14', 'YYYY/MM/DD HH24:MI:SS'), TO_DATE('2017/04/25 01:14:14', 'YYYY/MM/DD HH24:MI:SS'), null, '0', 'FileSystems', 'view');
insert into "PORTAL"."PERMISSION" ("ID", "NAME", "DESCRIPTION", "UUID", "CREATEDTIME", "UPDATEDTIME", "DELETEDTIME", "ISDELETED", "OBJECTTYPE", "ACTION" ) values (279438796, 'Tenant User Import', 'Import Tenant User permission', '10a7e5cc', TO_DATE('2017/04/25 01:48:22', 'YYYY/MM/DD HH24:MI:SS'), TO_DATE('2017/04/25 01:48:22', 'YYYY/MM/DD HH24:MI:SS'), null, '0', 'TenantUsers', 'import');
insert into "PORTAL"."PERMISSION" ("ID", "NAME", "DESCRIPTION", "UUID", "CREATEDTIME", "UPDATEDTIME", "DELETEDTIME", "ISDELETED", "OBJECTTYPE", "ACTION" ) values (282123685, 'Project Service View', 'View Project Service permission', '10d0dda5', TO_DATE('2017/04/25 01:26:10', 'YYYY/MM/DD HH24:MI:SS'), TO_DATE('2017/04/25 01:26:10', 'YYYY/MM/DD HH24:MI:SS'), null, '0', 'ProjectServices', 'view');
insert into "PORTAL"."PERMISSION" ("ID", "NAME", "DESCRIPTION", "UUID", "CREATEDTIME", "UPDATEDTIME", "DELETEDTIME", "ISDELETED", "OBJECTTYPE", "ACTION" ) values (286690289, 'CDS Delete', 'Delete CDS permission', '11168bf1', TO_DATE('2017/04/25 01:21:06', 'YYYY/MM/DD HH24:MI:SS'), TO_DATE('2017/04/25 01:21:06', 'YYYY/MM/DD HH24:MI:SS'), null, '0', 'CDSs', 'delete');
insert into "PORTAL"."PERMISSION" ("ID", "NAME", "DESCRIPTION", "UUID", "CREATEDTIME", "UPDATEDTIME", "DELETEDTIME", "ISDELETED", "OBJECTTYPE", "ACTION" ) values (321474000, 'Database Change Status', 'Change status of Database permission', '13294dd0', TO_DATE('2017/04/25 01:16:33', 'YYYY/MM/DD HH24:MI:SS'), TO_DATE('2017/04/25 01:16:33', 'YYYY/MM/DD HH24:MI:SS'), null, '0', 'Databases', 'change status');
insert into "PORTAL"."PERMISSION" ("ID", "NAME", "DESCRIPTION", "UUID", "CREATEDTIME", "UPDATEDTIME", "DELETEDTIME", "ISDELETED", "OBJECTTYPE", "ACTION" ) values (324425447, 'Database View', 'View Database permission', '135656e7', TO_DATE('2017/04/25 01:16:56', 'YYYY/MM/DD HH24:MI:SS'), TO_DATE('2017/04/25 01:16:56', 'YYYY/MM/DD HH24:MI:SS'), null, '0', 'Databases', 'view');
insert into "PORTAL"."PERMISSION" ("ID", "NAME", "DESCRIPTION", "UUID", "CREATEDTIME", "UPDATEDTIME", "DELETEDTIME", "ISDELETED", "OBJECTTYPE", "ACTION" ) values (325516532, 'File System Detach', 'Detach File System permission', '1366fcf4', TO_DATE('2017/04/25 01:13:19', 'YYYY/MM/DD HH24:MI:SS'), TO_DATE('2017/04/25 01:13:19', 'YYYY/MM/DD HH24:MI:SS'), null, '0', 'FileSystems', 'detach');
insert into "PORTAL"."PERMISSION" ("ID", "NAME", "DESCRIPTION", "UUID", "CREATEDTIME", "UPDATEDTIME", "DELETEDTIME", "ISDELETED", "OBJECTTYPE", "ACTION" ) values (333902330, 'Subnet Delete', 'Delete Subnet permission', '13e6f1fa', TO_DATE('2017/04/25 01:18:41', 'YYYY/MM/DD HH24:MI:SS'), TO_DATE('2017/04/25 01:18:41', 'YYYY/MM/DD HH24:MI:SS'), null, '0', 'Subnets', 'delete');
insert into "PORTAL"."PERMISSION" ("ID", "NAME", "DESCRIPTION", "UUID", "CREATEDTIME", "UPDATEDTIME", "DELETEDTIME", "ISDELETED", "OBJECTTYPE", "ACTION" ) values (339184536, 'Tenant Topology View', 'View Tenant Topology permission', '14378b98', TO_DATE('2017/04/25 01:47:18', 'YYYY/MM/DD HH24:MI:SS'), TO_DATE('2017/04/25 01:47:18', 'YYYY/MM/DD HH24:MI:SS'), null, '0', 'TenantTopology', 'view');
insert into "PORTAL"."PERMISSION" ("ID", "NAME", "DESCRIPTION", "UUID", "CREATEDTIME", "UPDATEDTIME", "DELETEDTIME", "ISDELETED", "OBJECTTYPE", "ACTION" ) values (339638354, 'Container Create Image', 'Create Image of container permission', '143e7852', TO_DATE('2017/04/25 01:10:03', 'YYYY/MM/DD HH24:MI:SS'), TO_DATE('2017/04/25 01:10:03', 'YYYY/MM/DD HH24:MI:SS'), null, '0', 'Containers', 'create image');
insert into "PORTAL"."PERMISSION" ("ID", "NAME", "DESCRIPTION", "UUID", "CREATEDTIME", "UPDATEDTIME", "DELETEDTIME", "ISDELETED", "OBJECTTYPE", "ACTION" ) values (364159709, 'Project Edit', 'Edit Project permission', '15b4a2dd', TO_DATE('2017/04/25 01:46:33', 'YYYY/MM/DD HH24:MI:SS'), TO_DATE('2017/04/25 01:46:33', 'YYYY/MM/DD HH24:MI:SS'), null, '0', 'Projects', 'edit');
insert into "PORTAL"."PERMISSION" ("ID", "NAME", "DESCRIPTION", "UUID", "CREATEDTIME", "UPDATEDTIME", "DELETEDTIME", "ISDELETED", "OBJECTTYPE", "ACTION" ) values (372792078, 'Tenant Service View', 'View Tenant Service permission', '16385b0e', TO_DATE('2017/04/25 01:53:44', 'YYYY/MM/DD HH24:MI:SS'), TO_DATE('2017/04/25 01:53:44', 'YYYY/MM/DD HH24:MI:SS'), null, '0', 'TenantServices', 'view');
insert into "PORTAL"."PERMISSION" ("ID", "NAME", "DESCRIPTION", "UUID", "CREATEDTIME", "UPDATEDTIME", "DELETEDTIME", "ISDELETED", "OBJECTTYPE", "ACTION" ) values (390549919, 'Tenant User Edit', 'Edit Tenant User permission', '1747519f', TO_DATE('2017/04/25 01:49:25', 'YYYY/MM/DD HH24:MI:SS'), TO_DATE('2017/04/25 01:49:25', 'YYYY/MM/DD HH24:MI:SS'), null, '0', 'TenantUsers', 'edit');
insert into "PORTAL"."PERMISSION" ("ID", "NAME", "DESCRIPTION", "UUID", "CREATEDTIME", "UPDATEDTIME", "DELETEDTIME", "ISDELETED", "OBJECTTYPE", "ACTION" ) values (397512828, 'Subnet Edit', 'Edit Subnet permission', '17b1907c', TO_DATE('2017/04/25 01:18:54', 'YYYY/MM/DD HH24:MI:SS'), TO_DATE('2017/04/25 01:18:54', 'YYYY/MM/DD HH24:MI:SS'), null, '0', 'Subnets', 'edit');
insert into "PORTAL"."PERMISSION" ("ID", "NAME", "DESCRIPTION", "UUID", "CREATEDTIME", "UPDATEDTIME", "DELETEDTIME", "ISDELETED", "OBJECTTYPE", "ACTION" ) values (399098240, 'File System Attach', 'Attach File System permission', '17c9c180', TO_DATE('2017/04/25 01:13:07', 'YYYY/MM/DD HH24:MI:SS'), TO_DATE('2017/04/25 01:13:07', 'YYYY/MM/DD HH24:MI:SS'), null, '0', 'FileSystems', 'attach');
insert into "PORTAL"."PERMISSION" ("ID", "NAME", "DESCRIPTION", "UUID", "CREATEDTIME", "UPDATEDTIME", "DELETEDTIME", "ISDELETED", "OBJECTTYPE", "ACTION" ) values (404192513, 'Package Create', 'Create Package permission', '18177d01', TO_DATE('2017/04/25 01:45:46', 'YYYY/MM/DD HH24:MI:SS'), TO_DATE('2017/04/25 01:45:46', 'YYYY/MM/DD HH24:MI:SS'), null, '0', 'Packages', 'create');
insert into "PORTAL"."PERMISSION" ("ID", "NAME", "DESCRIPTION", "UUID", "CREATEDTIME", "UPDATEDTIME", "DELETEDTIME", "ISDELETED", "OBJECTTYPE", "ACTION" ) values (420101627, 'Tenant User Assign', 'Assign Tenant User permission', '190a3dfb', TO_DATE('2017/04/25 01:49:36', 'YYYY/MM/DD HH24:MI:SS'), TO_DATE('2017/04/25 01:49:36', 'YYYY/MM/DD HH24:MI:SS'), null, '0', 'TenantUsers', 'assign');
insert into "PORTAL"."PERMISSION" ("ID", "NAME", "DESCRIPTION", "UUID", "CREATEDTIME", "UPDATEDTIME", "DELETEDTIME", "ISDELETED", "OBJECTTYPE", "ACTION" ) values (443952734, 'vPort Attach', 'Attach vPort permission', '1a762e5e', TO_DATE('2017/04/25 01:20:06', 'YYYY/MM/DD HH24:MI:SS'), TO_DATE('2017/04/25 01:20:06', 'YYYY/MM/DD HH24:MI:SS'), null, '0', 'vPorts', 'attach');
insert into "PORTAL"."PERMISSION" ("ID", "NAME", "DESCRIPTION", "UUID", "CREATEDTIME", "UPDATEDTIME", "DELETEDTIME", "ISDELETED", "OBJECTTYPE", "ACTION" ) values (446273412, 'Network View', 'View Network permission', '1a999784', TO_DATE('2017/04/25 01:18:12', 'YYYY/MM/DD HH24:MI:SS'), TO_DATE('2017/04/25 01:18:12', 'YYYY/MM/DD HH24:MI:SS'), null, '0', 'Networks', 'view');
insert into "PORTAL"."PERMISSION" ("ID", "NAME", "DESCRIPTION", "UUID", "CREATEDTIME", "UPDATEDTIME", "DELETEDTIME", "ISDELETED", "OBJECTTYPE", "ACTION" ) values (475459445, 'Project View', 'View Project permission', '1c56ef75', TO_DATE('2017/04/25 01:46:45', 'YYYY/MM/DD HH24:MI:SS'), TO_DATE('2017/04/25 01:46:45', 'YYYY/MM/DD HH24:MI:SS'), null, '0', 'Projects', 'view');
insert into "PORTAL"."PERMISSION" ("ID", "NAME", "DESCRIPTION", "UUID", "CREATEDTIME", "UPDATEDTIME", "DELETEDTIME", "ISDELETED", "OBJECTTYPE", "ACTION" ) values (497863968, 'Subnet View', 'View Subnet permission', '1daccd20', TO_DATE('2017/04/25 01:19:05', 'YYYY/MM/DD HH24:MI:SS'), TO_DATE('2017/04/25 01:19:05', 'YYYY/MM/DD HH24:MI:SS'), null, '0', 'Subnets', 'view');
insert into "PORTAL"."PERMISSION" ("ID", "NAME", "DESCRIPTION", "UUID", "CREATEDTIME", "UPDATEDTIME", "DELETEDTIME", "ISDELETED", "OBJECTTYPE", "ACTION" ) values (498913143, 'CDS Remote Console', 'Remote Console of CDS permission', '1dbccf77', TO_DATE('2017/04/25 01:21:59', 'YYYY/MM/DD HH24:MI:SS'), TO_DATE('2017/04/25 01:21:59', 'YYYY/MM/DD HH24:MI:SS'), null, '0', 'CDSs', 'remote console');
insert into "PORTAL"."PERMISSION" ("ID", "NAME", "DESCRIPTION", "UUID", "CREATEDTIME", "UPDATEDTIME", "DELETEDTIME", "ISDELETED", "OBJECTTYPE", "ACTION" ) values (505606496, 'File System Create Snapshot', 'Create snapshot of File System permission', '1e22f160', TO_DATE('2017/04/25 01:13:52', 'YYYY/MM/DD HH24:MI:SS'), TO_DATE('2017/04/25 01:13:52', 'YYYY/MM/DD HH24:MI:SS'), null, '0', 'FileSystems', 'create snapshot');
insert into "PORTAL"."PERMISSION" ("ID", "NAME", "DESCRIPTION", "UUID", "CREATEDTIME", "UPDATEDTIME", "DELETEDTIME", "ISDELETED", "OBJECTTYPE", "ACTION" ) values (530932093, 'Project Member Invite', 'Invite Project Member permission', '1fa5617d', TO_DATE('2017/04/25 01:27:36', 'YYYY/MM/DD HH24:MI:SS'), TO_DATE('2017/04/25 01:27:36', 'YYYY/MM/DD HH24:MI:SS'), null, '0', 'ProjectMembers', 'invite');
insert into "PORTAL"."PERMISSION" ("ID", "NAME", "DESCRIPTION", "UUID", "CREATEDTIME", "UPDATEDTIME", "DELETEDTIME", "ISDELETED", "OBJECTTYPE", "ACTION" ) values (532279195, 'Tenant Service Edit', 'Edit Tenant Service permission', '1fb9ef9b', TO_DATE('2017/04/25 01:53:23', 'YYYY/MM/DD HH24:MI:SS'), TO_DATE('2017/04/25 01:53:23', 'YYYY/MM/DD HH24:MI:SS'), null, '0', 'TenantServices', 'edit');
insert into "PORTAL"."PERMISSION" ("ID", "NAME", "DESCRIPTION", "UUID", "CREATEDTIME", "UPDATEDTIME", "DELETEDTIME", "ISDELETED", "OBJECTTYPE", "ACTION" ) values (572331277, 'Container View', 'View container permission', '221d150d', TO_DATE('2017/04/25 01:11:06', 'YYYY/MM/DD HH24:MI:SS'), TO_DATE('2017/04/25 01:11:06', 'YYYY/MM/DD HH24:MI:SS'), null, '0', 'Containers', 'view');
insert into "PORTAL"."PERMISSION" ("ID", "NAME", "DESCRIPTION", "UUID", "CREATEDTIME", "UPDATEDTIME", "DELETEDTIME", "ISDELETED", "OBJECTTYPE", "ACTION" ) values (598645700, 'Network Delete', 'Delete Network permission', '23ae9bc4', TO_DATE('2017/04/25 01:17:47', 'YYYY/MM/DD HH24:MI:SS'), TO_DATE('2017/04/25 01:17:47', 'YYYY/MM/DD HH24:MI:SS'), null, '0', 'Networks', 'delete');
insert into "PORTAL"."PERMISSION" ("ID", "NAME", "DESCRIPTION", "UUID", "CREATEDTIME", "UPDATEDTIME", "DELETEDTIME", "ISDELETED", "OBJECTTYPE", "ACTION" ) values (623159081, 'Database Snapshot', 'Snapshot Database permission', '2524a729', TO_DATE('2017/04/25 01:16:04', 'YYYY/MM/DD HH24:MI:SS'), TO_DATE('2017/04/25 01:16:04', 'YYYY/MM/DD HH24:MI:SS'), null, '0', 'Databases', 'snapshot');
insert into "PORTAL"."PERMISSION" ("ID", "NAME", "DESCRIPTION", "UUID", "CREATEDTIME", "UPDATEDTIME", "DELETEDTIME", "ISDELETED", "OBJECTTYPE", "ACTION" ) values (624341819, 'Container Snapshot', 'Snapshot container permission', '2536b33b', TO_DATE('2017/04/25 01:09:34', 'YYYY/MM/DD HH24:MI:SS'), TO_DATE('2017/04/25 01:09:34', 'YYYY/MM/DD HH24:MI:SS'), null, '0', 'Containers', 'snapshot');
insert into "PORTAL"."PERMISSION" ("ID", "NAME", "DESCRIPTION", "UUID", "CREATEDTIME", "UPDATEDTIME", "DELETEDTIME", "ISDELETED", "OBJECTTYPE", "ACTION" ) values (629667461, 'CDS Change Status', 'Change status of CDS permission', '2587f685', TO_DATE('2017/04/25 01:22:34', 'YYYY/MM/DD HH24:MI:SS'), TO_DATE('2017/04/25 01:22:34', 'YYYY/MM/DD HH24:MI:SS'), null, '0', 'CDSs', 'change status');
insert into "PORTAL"."PERMISSION" ("ID", "NAME", "DESCRIPTION", "UUID", "CREATEDTIME", "UPDATEDTIME", "DELETEDTIME", "ISDELETED", "OBJECTTYPE", "ACTION" ) values (634844021, 'Project Member Edit', 'Edit Project Member permission', '25d6f375', TO_DATE('2017/04/25 01:28:05', 'YYYY/MM/DD HH24:MI:SS'), TO_DATE('2017/04/25 01:28:05', 'YYYY/MM/DD HH24:MI:SS'), null, '0', 'ProjectMembers', 'edit');
insert into "PORTAL"."PERMISSION" ("ID", "NAME", "DESCRIPTION", "UUID", "CREATEDTIME", "UPDATEDTIME", "DELETEDTIME", "ISDELETED", "OBJECTTYPE", "ACTION" ) values (690586902, 'Database Create', 'Create Database permission', '29298516', TO_DATE('2017/04/25 01:14:46', 'YYYY/MM/DD HH24:MI:SS'), TO_DATE('2017/04/25 01:14:46', 'YYYY/MM/DD HH24:MI:SS'), null, '0', 'Databases', 'create');
insert into "PORTAL"."PERMISSION" ("ID", "NAME", "DESCRIPTION", "UUID", "CREATEDTIME", "UPDATEDTIME", "DELETEDTIME", "ISDELETED", "OBJECTTYPE", "ACTION" ) values (720773172, 'Subnet Create', 'Create Subnet permission', '2af62034', TO_DATE('2017/04/25 01:18:32', 'YYYY/MM/DD HH24:MI:SS'), TO_DATE('2017/04/25 01:18:32', 'YYYY/MM/DD HH24:MI:SS'), null, '0', 'Subnets', 'create');
insert into "PORTAL"."PERMISSION" ("ID", "NAME", "DESCRIPTION", "UUID", "CREATEDTIME", "UPDATEDTIME", "DELETEDTIME", "ISDELETED", "OBJECTTYPE", "ACTION" ) values (745886545, 'Network Create', 'Create Network permission', '2c755351', TO_DATE('2017/04/25 01:17:31', 'YYYY/MM/DD HH24:MI:SS'), TO_DATE('2017/04/25 01:17:31', 'YYYY/MM/DD HH24:MI:SS'), null, '0', 'Networks', 'create');
insert into "PORTAL"."PERMISSION" ("ID", "NAME", "DESCRIPTION", "UUID", "CREATEDTIME", "UPDATEDTIME", "DELETEDTIME", "ISDELETED", "OBJECTTYPE", "ACTION" ) values (764927666, 'Project Create', 'Create Project permission', '2d97deb2', TO_DATE('2017/04/25 01:45:24', 'YYYY/MM/DD HH24:MI:SS'), TO_DATE('2017/04/25 01:45:24', 'YYYY/MM/DD HH24:MI:SS'), null, '0', 'Projects', 'create');
insert into "PORTAL"."PERMISSION" ("ID", "NAME", "DESCRIPTION", "UUID", "CREATEDTIME", "UPDATEDTIME", "DELETEDTIME", "ISDELETED", "OBJECTTYPE", "ACTION" ) values (776382039, 'Project Member Delete', 'Delete Project Member permission', '2e46a657', TO_DATE('2017/04/25 01:27:48', 'YYYY/MM/DD HH24:MI:SS'), TO_DATE('2017/04/25 01:27:48', 'YYYY/MM/DD HH24:MI:SS'), null, '0', 'ProjectMembers', 'delete');
insert into "PORTAL"."PERMISSION" ("ID", "NAME", "DESCRIPTION", "UUID", "CREATEDTIME", "UPDATEDTIME", "DELETEDTIME", "ISDELETED", "OBJECTTYPE", "ACTION" ) values (799123714, 'Project Member Assign', 'Assign Project Member permission', '2fa1a902', TO_DATE('2017/04/25 01:28:20', 'YYYY/MM/DD HH24:MI:SS'), TO_DATE('2017/04/25 01:28:20', 'YYYY/MM/DD HH24:MI:SS'), null, '0', 'ProjectMembers', 'assign');
insert into "PORTAL"."PERMISSION" ("ID", "NAME", "DESCRIPTION", "UUID", "CREATEDTIME", "UPDATEDTIME", "DELETEDTIME", "ISDELETED", "OBJECTTYPE", "ACTION" ) values (803267290, 'Database Edit', 'Edit Database permission', '2fe0e2da', TO_DATE('2017/04/25 01:15:19', 'YYYY/MM/DD HH24:MI:SS'), TO_DATE('2017/04/25 01:15:19', 'YYYY/MM/DD HH24:MI:SS'), null, '0', 'Databases', 'edit');
insert into "PORTAL"."PERMISSION" ("ID", "NAME", "DESCRIPTION", "UUID", "CREATEDTIME", "UPDATEDTIME", "DELETEDTIME", "ISDELETED", "OBJECTTYPE", "ACTION" ) values (847235516, 'Project Service Edit', 'Edit Project Service permission', '327fc9bc', TO_DATE('2017/04/25 01:25:39', 'YYYY/MM/DD HH24:MI:SS'), TO_DATE('2017/04/25 01:25:39', 'YYYY/MM/DD HH24:MI:SS'), null, '0', 'ProjectServices', 'edit');
insert into "PORTAL"."PERMISSION" ("ID", "NAME", "DESCRIPTION", "UUID", "CREATEDTIME", "UPDATEDTIME", "DELETEDTIME", "ISDELETED", "OBJECTTYPE", "ACTION" ) values (856522479, 'vPort Delete', 'Delete vPort permission', '330d7eef', TO_DATE('2017/04/25 01:19:40', 'YYYY/MM/DD HH24:MI:SS'), TO_DATE('2017/04/25 01:19:40', 'YYYY/MM/DD HH24:MI:SS'), null, '0', 'vPorts', 'delete');
insert into "PORTAL"."PERMISSION" ("ID", "NAME", "DESCRIPTION", "UUID", "CREATEDTIME", "UPDATEDTIME", "DELETEDTIME", "ISDELETED", "OBJECTTYPE", "ACTION" ) values (858435207, 'Container Create', 'Create container permission', '332aae87', TO_DATE('2017/04/25 01:06:30', 'YYYY/MM/DD HH24:MI:SS'), TO_DATE('2017/04/25 01:06:30', 'YYYY/MM/DD HH24:MI:SS'), null, '0', 'Containers', 'create');
insert into "PORTAL"."PERMISSION" ("ID", "NAME", "DESCRIPTION", "UUID", "CREATEDTIME", "UPDATEDTIME", "DELETEDTIME", "ISDELETED", "OBJECTTYPE", "ACTION" ) values (881661874, 'File System Create', 'Create File System permission', '348d17b2', TO_DATE('2017/04/25 01:12:15', 'YYYY/MM/DD HH24:MI:SS'), TO_DATE('2017/04/25 01:12:15', 'YYYY/MM/DD HH24:MI:SS'), null, '0', 'FileSystems', 'create');
insert into "PORTAL"."PERMISSION" ("ID", "NAME", "DESCRIPTION", "UUID", "CREATEDTIME", "UPDATEDTIME", "DELETEDTIME", "ISDELETED", "OBJECTTYPE", "ACTION" ) values (893028355, 'CDS Snapshot', 'Snapshot CDS permission', '353a8803', TO_DATE('2017/04/25 01:21:30', 'YYYY/MM/DD HH24:MI:SS'), TO_DATE('2017/04/25 01:21:30', 'YYYY/MM/DD HH24:MI:SS'), null, '0', 'CDSs', 'snapshot');
insert into "PORTAL"."PERMISSION" ("ID", "NAME", "DESCRIPTION", "UUID", "CREATEDTIME", "UPDATEDTIME", "DELETEDTIME", "ISDELETED", "OBJECTTYPE", "ACTION" ) values (912534858, 'File System Delete', 'Delete File System permission', '36642d4a', TO_DATE('2017/04/25 01:12:29', 'YYYY/MM/DD HH24:MI:SS'), TO_DATE('2017/04/25 01:12:29', 'YYYY/MM/DD HH24:MI:SS'), null, '0', 'FileSystems', 'delete');
insert into "PORTAL"."PERMISSION" ("ID", "NAME", "DESCRIPTION", "UUID", "CREATEDTIME", "UPDATEDTIME", "DELETEDTIME", "ISDELETED", "OBJECTTYPE", "ACTION" ) values (929450201, 'File System Edit', 'Edit File System permission', '376648d9', TO_DATE('2017/04/25 01:12:48', 'YYYY/MM/DD HH24:MI:SS'), TO_DATE('2017/04/25 01:12:48', 'YYYY/MM/DD HH24:MI:SS'), null, '0', 'FileSystems', 'edit');
insert into "PORTAL"."PERMISSION" ("ID", "NAME", "DESCRIPTION", "UUID", "CREATEDTIME", "UPDATEDTIME", "DELETEDTIME", "ISDELETED", "OBJECTTYPE", "ACTION" ) values (951803572, 'Project Delete', 'Delete Project permission', '38bb5eb4', TO_DATE('2017/04/25 01:46:13', 'YYYY/MM/DD HH24:MI:SS'), TO_DATE('2017/04/25 01:46:13', 'YYYY/MM/DD HH24:MI:SS'), null, '0', 'Projects', 'delete');
insert into "PORTAL"."PERMISSION" ("ID", "NAME", "DESCRIPTION", "UUID", "CREATEDTIME", "UPDATEDTIME", "DELETEDTIME", "ISDELETED", "OBJECTTYPE", "ACTION" ) values (966097073, 'Container Delete', 'Delete container permission', '399578b1', TO_DATE('2017/04/25 01:07:14', 'YYYY/MM/DD HH24:MI:SS'), TO_DATE('2017/04/25 01:07:14', 'YYYY/MM/DD HH24:MI:SS'), null, '0', 'Containers', 'delete');
insert into "PORTAL"."PERMISSION" ("ID", "NAME", "DESCRIPTION", "UUID", "CREATEDTIME", "UPDATEDTIME", "DELETEDTIME", "ISDELETED", "OBJECTTYPE", "ACTION" ) values (973536152, 'CDS Create', 'Create CDS permission', '3a06fb98', TO_DATE('2017/04/25 01:20:55', 'YYYY/MM/DD HH24:MI:SS'), TO_DATE('2017/04/25 01:20:55', 'YYYY/MM/DD HH24:MI:SS'), null, '0', 'CDSs', 'create');
insert into "PORTAL"."PROJECT" ("ID", "NAME", "DESCRIPTION", "CREATEDTIME", "UPDATEDTIME", "DELETEDTIME", "ISDELETED", "TENANTID", "UUID", "SUPERPROJECTID" ) values (29272193, 'Sub-Cloud Group-Demo', 'For Demo', TO_DATE('2017/04/05 07:33:26', 'YYYY/MM/DD HH24:MI:SS'), TO_DATE('2017/04/05 07:33:26', 'YYYY/MM/DD HH24:MI:SS'), null, '0', 121236589, '01bea881', 752141285);
insert into "PORTAL"."PROJECT" ("ID", "NAME", "DESCRIPTION", "CREATEDTIME", "UPDATEDTIME", "DELETEDTIME", "ISDELETED", "TENANTID", "UUID", "SUPERPROJECTID" ) values (198029459, 'test-project-2', 'It''s New!', TO_DATE('2017/04/24 13:09:49', 'YYYY/MM/DD HH24:MI:SS'), TO_DATE('2017/04/24 13:09:49', 'YYYY/MM/DD HH24:MI:SS'), null, '0', 121236589, '0bcdb093', 0);
insert into "PORTAL"."PROJECT" ("ID", "NAME", "DESCRIPTION", "CREATEDTIME", "UPDATEDTIME", "DELETEDTIME", "ISDELETED", "TENANTID", "UUID", "SUPERPROJECTID" ) values (752141285, 'Cloud Group-Demo', 'For Demo', TO_DATE('2017/03/31 21:21:43', 'YYYY/MM/DD HH24:MI:SS'), TO_DATE('2017/03/31 21:21:43', 'YYYY/MM/DD HH24:MI:SS'), null, '0', 121236589, '2cd4c3e5', 0);
insert into "PORTAL"."PROJECT" ("ID", "NAME", "DESCRIPTION", "CREATEDTIME", "UPDATEDTIME", "DELETEDTIME", "ISDELETED", "TENANTID", "UUID", "SUPERPROJECTID" ) values (807231458, 'test-project', 'It''s New!', TO_DATE('2017/04/19 06:40:54', 'YYYY/MM/DD HH24:MI:SS'), TO_DATE('2017/04/19 06:40:54', 'YYYY/MM/DD HH24:MI:SS'), TO_DATE('2017/04/19 06:41:55', 'YYYY/MM/DD HH24:MI:SS'), '1', 121236589, '301d5fe2', 0);
insert into "PORTAL"."PROJECT_SERVICE" ("PROJECTID", "SERVICEID" ) values (198029459, 100);
insert into "PORTAL"."PROJECT_SERVICE" ("PROJECTID", "SERVICEID" ) values (198029459, 400);
insert into "PORTAL"."PROJECT_SERVICE" ("PROJECTID", "SERVICEID" ) values (198029459, 200);
insert into "PORTAL"."PROJECT_SERVICE" ("PROJECTID", "SERVICEID" ) values (198029459, 500);
insert into "PORTAL"."PROJECT_SERVICE" ("PROJECTID", "SERVICEID" ) values (198029459, 600);
insert into "PORTAL"."PROJECT_SERVICE" ("PROJECTID", "SERVICEID" ) values (198029459, 700);
insert into "PORTAL"."PROJECT_USER_RELATION" ("PROJECTID", "USERID", "ROLEID" ) values (752141285, 162043870, null);
insert into "PORTAL"."PROJECT_USER_RELATION" ("PROJECTID", "USERID", "ROLEID" ) values (752141285, 336521153, null);
insert into "PORTAL"."PROJECT_USER_RELATION" ("PROJECTID", "USERID", "ROLEID" ) values (354303580, 161539719, null);
insert into "PORTAL"."PROJECT_USER_RELATION" ("PROJECTID", "USERID", "ROLEID" ) values (354303580, 396265767, null);
insert into "PORTAL"."PROJECT_USER_RELATION" ("PROJECTID", "USERID", "ROLEID" ) values (752141285, 930900422, null);
insert into "PORTAL"."ROLE" ("ID", "NAME", "DESCRIPTION", "CREATEDTIME", "UPDATEDTIME", "DELETEDTIME", "ISDELETED", "UUID" ) values (17624277, 'CDS Editor', null, TO_DATE('2017/04/12 08:23:38', 'YYYY/MM/DD HH24:MI:SS'), TO_DATE('2017/04/12 08:23:38', 'YYYY/MM/DD HH24:MI:SS'), null, '0', '010cecd5');
insert into "PORTAL"."ROLE" ("ID", "NAME", "DESCRIPTION", "CREATEDTIME", "UPDATEDTIME", "DELETEDTIME", "ISDELETED", "UUID" ) values (39329881, 'Database Manager', null, TO_DATE('2017/04/12 08:22:33', 'YYYY/MM/DD HH24:MI:SS'), TO_DATE('2017/04/12 08:22:33', 'YYYY/MM/DD HH24:MI:SS'), null, '0', '02582059');
insert into "PORTAL"."ROLE" ("ID", "NAME", "DESCRIPTION", "CREATEDTIME", "UPDATEDTIME", "DELETEDTIME", "ISDELETED", "UUID" ) values (64587119, 'SG Manager', null, TO_DATE('2017/04/12 08:24:56', 'YYYY/MM/DD HH24:MI:SS'), TO_DATE('2017/04/12 08:24:56', 'YYYY/MM/DD HH24:MI:SS'), null, '0', '03d9856f');
insert into "PORTAL"."ROLE" ("ID", "NAME", "DESCRIPTION", "CREATEDTIME", "UPDATEDTIME", "DELETEDTIME", "ISDELETED", "UUID" ) values (67497586, 'Project Setting Manager', null, TO_DATE('2017/04/12 08:24:01', 'YYYY/MM/DD HH24:MI:SS'), TO_DATE('2017/04/12 08:24:01', 'YYYY/MM/DD HH24:MI:SS'), null, '0', '0405ee72');
insert into "PORTAL"."ROLE" ("ID", "NAME", "DESCRIPTION", "CREATEDTIME", "UPDATEDTIME", "DELETEDTIME", "ISDELETED", "UUID" ) values (72571173, 'temp role', 'Temp', TO_DATE('2017/04/12 07:53:09', 'YYYY/MM/DD HH24:MI:SS'), TO_DATE('2017/04/12 07:53:09', 'YYYY/MM/DD HH24:MI:SS'), null, '0', '04535925');
insert into "PORTAL"."ROLE" ("ID", "NAME", "DESCRIPTION", "CREATEDTIME", "UPDATEDTIME", "DELETEDTIME", "ISDELETED", "UUID" ) values (88689312, 'CDS Manager', null, TO_DATE('2017/04/12 08:23:33', 'YYYY/MM/DD HH24:MI:SS'), TO_DATE('2017/04/12 08:23:33', 'YYYY/MM/DD HH24:MI:SS'), null, '0', '05494aa0');
insert into "PORTAL"."ROLE" ("ID", "NAME", "DESCRIPTION", "CREATEDTIME", "UPDATEDTIME", "DELETEDTIME", "ISDELETED", "UUID" ) values (107416603, 'General User', 'General User', TO_DATE('2017/04/12 07:59:20', 'YYYY/MM/DD HH24:MI:SS'), TO_DATE('2017/04/12 07:59:20', 'YYYY/MM/DD HH24:MI:SS'), null, '0', '06670c1b');
insert into "PORTAL"."ROLE" ("ID", "NAME", "DESCRIPTION", "CREATEDTIME", "UPDATEDTIME", "DELETEDTIME", "ISDELETED", "UUID" ) values (161593139, 'Database Viewer', null, TO_DATE('2017/04/12 08:22:46', 'YYYY/MM/DD HH24:MI:SS'), TO_DATE('2017/04/12 08:22:46', 'YYYY/MM/DD HH24:MI:SS'), null, '0', '09a1b733');
insert into "PORTAL"."ROLE" ("ID", "NAME", "DESCRIPTION", "CREATEDTIME", "UPDATEDTIME", "DELETEDTIME", "ISDELETED", "UUID" ) values (167477031, 'Tenant', 'Tenant', TO_DATE('2017/04/12 07:05:53', 'YYYY/MM/DD HH24:MI:SS'), TO_DATE('2017/04/12 07:05:53', 'YYYY/MM/DD HH24:MI:SS'), null, '0', '09fb7f27');
insert into "PORTAL"."ROLE" ("ID", "NAME", "DESCRIPTION", "CREATEDTIME", "UPDATEDTIME", "DELETEDTIME", "ISDELETED", "UUID" ) values (169911672, 'Network Manager', null, TO_DATE('2017/04/12 08:23:00', 'YYYY/MM/DD HH24:MI:SS'), TO_DATE('2017/04/12 08:23:00', 'YYYY/MM/DD HH24:MI:SS'), null, '0', '0a20a578');
insert into "PORTAL"."ROLE" ("ID", "NAME", "DESCRIPTION", "CREATEDTIME", "UPDATEDTIME", "DELETEDTIME", "ISDELETED", "UUID" ) values (240729442, 'CSP', 'Main CSP', TO_DATE('2017/04/12 07:05:38', 'YYYY/MM/DD HH24:MI:SS'), TO_DATE('2017/04/12 07:05:38', 'YYYY/MM/DD HH24:MI:SS'), null, '0', '0e593d62');
insert into "PORTAL"."ROLE" ("ID", "NAME", "DESCRIPTION", "CREATEDTIME", "UPDATEDTIME", "DELETEDTIME", "ISDELETED", "UUID" ) values (250642612, 'SG Developer', null, TO_DATE('2017/04/12 08:25:03', 'YYYY/MM/DD HH24:MI:SS'), TO_DATE('2017/04/12 08:25:03', 'YYYY/MM/DD HH24:MI:SS'), null, '0', '0ef080b4');
insert into "PORTAL"."ROLE" ("ID", "NAME", "DESCRIPTION", "CREATEDTIME", "UPDATEDTIME", "DELETEDTIME", "ISDELETED", "UUID" ) values (349620014, 'Application Manager', null, TO_DATE('2017/04/12 08:24:25', 'YYYY/MM/DD HH24:MI:SS'), TO_DATE('2017/04/12 08:24:25', 'YYYY/MM/DD HH24:MI:SS'), null, '0', '14d6c72e');
insert into "PORTAL"."ROLE" ("ID", "NAME", "DESCRIPTION", "CREATEDTIME", "UPDATEDTIME", "DELETEDTIME", "ISDELETED", "UUID" ) values (353942134, 'Application Operator', null, TO_DATE('2017/04/12 08:24:33', 'YYYY/MM/DD HH24:MI:SS'), TO_DATE('2017/04/12 08:24:33', 'YYYY/MM/DD HH24:MI:SS'), null, '0', '1518ba76');
insert into "PORTAL"."ROLE" ("ID", "NAME", "DESCRIPTION", "CREATEDTIME", "UPDATEDTIME", "DELETEDTIME", "ISDELETED", "UUID" ) values (355904868, 'File System Editor', null, TO_DATE('2017/04/12 08:22:19', 'YYYY/MM/DD HH24:MI:SS'), TO_DATE('2017/04/12 08:22:19', 'YYYY/MM/DD HH24:MI:SS'), null, '0', '1536ad64');
insert into "PORTAL"."ROLE" ("ID", "NAME", "DESCRIPTION", "CREATEDTIME", "UPDATEDTIME", "DELETEDTIME", "ISDELETED", "UUID" ) values (362587950, 'Container Manager', null, TO_DATE('2017/04/12 08:21:39', 'YYYY/MM/DD HH24:MI:SS'), TO_DATE('2017/04/12 08:21:39', 'YYYY/MM/DD HH24:MI:SS'), null, '0', '159ca72e');
insert into "PORTAL"."ROLE" ("ID", "NAME", "DESCRIPTION", "CREATEDTIME", "UPDATEDTIME", "DELETEDTIME", "ISDELETED", "UUID" ) values (371356211, 'Container Editor', null, TO_DATE('2017/04/12 08:21:50', 'YYYY/MM/DD HH24:MI:SS'), TO_DATE('2017/04/12 08:21:50', 'YYYY/MM/DD HH24:MI:SS'), null, '0', '16227233');
insert into "PORTAL"."ROLE" ("ID", "NAME", "DESCRIPTION", "CREATEDTIME", "UPDATEDTIME", "DELETEDTIME", "ISDELETED", "UUID" ) values (398413305, 'App.Framework Manager', null, TO_DATE('2017/04/12 08:24:14', 'YYYY/MM/DD HH24:MI:SS'), TO_DATE('2017/04/12 08:24:14', 'YYYY/MM/DD HH24:MI:SS'), null, '0', '17bf4df9');
insert into "PORTAL"."ROLE" ("ID", "NAME", "DESCRIPTION", "CREATEDTIME", "UPDATEDTIME", "DELETEDTIME", "ISDELETED", "UUID" ) values (544896545, 'SG Viewer', null, TO_DATE('2017/04/12 08:25:11', 'YYYY/MM/DD HH24:MI:SS'), TO_DATE('2017/04/12 08:25:11', 'YYYY/MM/DD HH24:MI:SS'), null, '0', '207a7621');
insert into "PORTAL"."ROLE" ("ID", "NAME", "DESCRIPTION", "CREATEDTIME", "UPDATEDTIME", "DELETEDTIME", "ISDELETED", "UUID" ) values (571954363, 'Container Viewer', null, TO_DATE('2017/04/12 08:21:55', 'YYYY/MM/DD HH24:MI:SS'), TO_DATE('2017/04/12 08:21:55', 'YYYY/MM/DD HH24:MI:SS'), null, '0', '221754bb');
insert into "PORTAL"."ROLE" ("ID", "NAME", "DESCRIPTION", "CREATEDTIME", "UPDATEDTIME", "DELETEDTIME", "ISDELETED", "UUID" ) values (605892161, 'File System Manager', null, TO_DATE('2017/04/12 08:22:23', 'YYYY/MM/DD HH24:MI:SS'), TO_DATE('2017/04/12 08:22:23', 'YYYY/MM/DD HH24:MI:SS'), null, '0', '241d2e41');
insert into "PORTAL"."ROLE" ("ID", "NAME", "DESCRIPTION", "CREATEDTIME", "UPDATEDTIME", "DELETEDTIME", "ISDELETED", "UUID" ) values (621035528, 'Application Tester', null, TO_DATE('2017/04/12 08:24:40', 'YYYY/MM/DD HH24:MI:SS'), TO_DATE('2017/04/12 08:24:40', 'YYYY/MM/DD HH24:MI:SS'), null, '0', '25044008');
insert into "PORTAL"."ROLE" ("ID", "NAME", "DESCRIPTION", "CREATEDTIME", "UPDATEDTIME", "DELETEDTIME", "ISDELETED", "UUID" ) values (621891020, 'File System Viewer', null, TO_DATE('2017/04/12 08:22:08', 'YYYY/MM/DD HH24:MI:SS'), TO_DATE('2017/04/12 08:22:08', 'YYYY/MM/DD HH24:MI:SS'), null, '0', '25114dcc');
insert into "PORTAL"."ROLE" ("ID", "NAME", "DESCRIPTION", "CREATEDTIME", "UPDATEDTIME", "DELETEDTIME", "ISDELETED", "UUID" ) values (637062145, 'Database Editor', null, TO_DATE('2017/04/12 08:22:40', 'YYYY/MM/DD HH24:MI:SS'), TO_DATE('2017/04/12 08:22:40', 'YYYY/MM/DD HH24:MI:SS'), null, '0', '25f8cc01');
insert into "PORTAL"."ROLE" ("ID", "NAME", "DESCRIPTION", "CREATEDTIME", "UPDATEDTIME", "DELETEDTIME", "ISDELETED", "UUID" ) values (647273409, 'CDS Viewer', null, TO_DATE('2017/04/12 08:23:44', 'YYYY/MM/DD HH24:MI:SS'), TO_DATE('2017/04/12 08:23:44', 'YYYY/MM/DD HH24:MI:SS'), null, '0', '26949bc1');
insert into "PORTAL"."ROLE" ("ID", "NAME", "DESCRIPTION", "CREATEDTIME", "UPDATEDTIME", "DELETEDTIME", "ISDELETED", "UUID" ) values (654969859, 'PaaS Manager', null, TO_DATE('2017/04/12 08:26:18', 'YYYY/MM/DD HH24:MI:SS'), TO_DATE('2017/04/12 08:26:18', 'YYYY/MM/DD HH24:MI:SS'), null, '0', '270a0c03');
insert into "PORTAL"."ROLE" ("ID", "NAME", "DESCRIPTION", "CREATEDTIME", "UPDATEDTIME", "DELETEDTIME", "ISDELETED", "UUID" ) values (716666232, 'Network Editor', null, TO_DATE('2017/04/12 08:23:05', 'YYYY/MM/DD HH24:MI:SS'), TO_DATE('2017/04/12 08:23:05', 'YYYY/MM/DD HH24:MI:SS'), null, '0', '2ab77578');
insert into "PORTAL"."ROLE" ("ID", "NAME", "DESCRIPTION", "CREATEDTIME", "UPDATEDTIME", "DELETEDTIME", "ISDELETED", "UUID" ) values (784393864, 'Network Viewer', null, TO_DATE('2017/04/12 08:23:11', 'YYYY/MM/DD HH24:MI:SS'), TO_DATE('2017/04/12 08:23:11', 'YYYY/MM/DD HH24:MI:SS'), null, '0', '2ec0e688');
insert into "PORTAL"."ROLE" ("ID", "NAME", "DESCRIPTION", "CREATEDTIME", "UPDATEDTIME", "DELETEDTIME", "ISDELETED", "UUID" ) values (883676380, 'Project Leader', 'Project Leader', TO_DATE('2017/04/12 03:45:37', 'YYYY/MM/DD HH24:MI:SS'), TO_DATE('2017/04/12 03:45:37', 'YYYY/MM/DD HH24:MI:SS'), null, '0', '34abd4dc');
insert into "PORTAL"."ROLE" ("ID", "NAME", "DESCRIPTION", "CREATEDTIME", "UPDATEDTIME", "DELETEDTIME", "ISDELETED", "UUID" ) values (884519246, 'IaaS Manager', null, TO_DATE('2017/04/12 08:26:11', 'YYYY/MM/DD HH24:MI:SS'), TO_DATE('2017/04/12 08:26:11', 'YYYY/MM/DD HH24:MI:SS'), null, '0', '34b8b14e');
insert into "PORTAL"."ROLE" ("ID", "NAME", "DESCRIPTION", "CREATEDTIME", "UPDATEDTIME", "DELETEDTIME", "ISDELETED", "UUID" ) values (893822312, 'UI Developer', null, TO_DATE('2017/04/12 08:24:48', 'YYYY/MM/DD HH24:MI:SS'), TO_DATE('2017/04/12 08:24:48', 'YYYY/MM/DD HH24:MI:SS'), null, '0', '3546a568');
insert into "PORTAL"."ROLE" ("ID", "NAME", "DESCRIPTION", "CREATEDTIME", "UPDATEDTIME", "DELETEDTIME", "ISDELETED", "UUID" ) values (915414678, 'Admin', 'Tenant Admin', TO_DATE('2017/04/12 07:06:03', 'YYYY/MM/DD HH24:MI:SS'), TO_DATE('2017/04/12 07:06:03', 'YYYY/MM/DD HH24:MI:SS'), null, '0', '36901e96');
insert into "PORTAL"."ROLE_PERMISSION_RELATION" ("ROLEID", "PERMISSIONID" ) values (167477031, 951803572);
insert into "PORTAL"."ROLE_PERMISSION_RELATION" ("ROLEID", "PERMISSIONID" ) values (167477031, 764927666);
insert into "PORTAL"."ROLE_PERMISSION_RELATION" ("ROLEID", "PERMISSIONID" ) values (167477031, 404192513);
insert into "PORTAL"."ROLE_PERMISSION_RELATION" ("ROLEID", "PERMISSIONID" ) values (167477031, 364159709);
insert into "PORTAL"."ROLE_PERMISSION_RELATION" ("ROLEID", "PERMISSIONID" ) values (167477031, 475459445);
insert into "PORTAL"."ROLE_PERMISSION_RELATION" ("ROLEID", "PERMISSIONID" ) values (167477031, 339184536);
insert into "PORTAL"."ROLE_PERMISSION_RELATION" ("ROLEID", "PERMISSIONID" ) values (167477031, 279438796);
insert into "PORTAL"."ROLE_PERMISSION_RELATION" ("ROLEID", "PERMISSIONID" ) values (167477031, 42885903);
insert into "PORTAL"."ROLE_PERMISSION_RELATION" ("ROLEID", "PERMISSIONID" ) values (167477031, 390549919);
insert into "PORTAL"."ROLE_PERMISSION_RELATION" ("ROLEID", "PERMISSIONID" ) values (167477031, 420101627);
insert into "PORTAL"."ROLE_PERMISSION_RELATION" ("ROLEID", "PERMISSIONID" ) values (167477031, 22175035);
insert into "PORTAL"."ROLE_PERMISSION_RELATION" ("ROLEID", "PERMISSIONID" ) values (167477031, 94672081);
insert into "PORTAL"."ROLE_PERMISSION_RELATION" ("ROLEID", "PERMISSIONID" ) values (167477031, 532279195);
insert into "PORTAL"."ROLE_PERMISSION_RELATION" ("ROLEID", "PERMISSIONID" ) values (167477031, 372792078);
insert into "PORTAL"."ROLE_PERMISSION_RELATION" ("ROLEID", "PERMISSIONID" ) values (167477031, 213410991);
insert into "PORTAL"."ROLE_PERMISSION_RELATION" ("ROLEID", "PERMISSIONID" ) values (915414678, 764927666);
insert into "PORTAL"."ROLE_PERMISSION_RELATION" ("ROLEID", "PERMISSIONID" ) values (915414678, 404192513);
insert into "PORTAL"."ROLE_PERMISSION_RELATION" ("ROLEID", "PERMISSIONID" ) values (915414678, 951803572);
insert into "PORTAL"."ROLE_PERMISSION_RELATION" ("ROLEID", "PERMISSIONID" ) values (915414678, 364159709);
insert into "PORTAL"."ROLE_PERMISSION_RELATION" ("ROLEID", "PERMISSIONID" ) values (915414678, 475459445);
insert into "PORTAL"."ROLE_PERMISSION_RELATION" ("ROLEID", "PERMISSIONID" ) values (915414678, 339184536);
insert into "PORTAL"."ROLE_PERMISSION_RELATION" ("ROLEID", "PERMISSIONID" ) values (915414678, 279438796);
insert into "PORTAL"."ROLE_PERMISSION_RELATION" ("ROLEID", "PERMISSIONID" ) values (915414678, 42885903);
insert into "PORTAL"."ROLE_PERMISSION_RELATION" ("ROLEID", "PERMISSIONID" ) values (915414678, 390549919);
insert into "PORTAL"."ROLE_PERMISSION_RELATION" ("ROLEID", "PERMISSIONID" ) values (915414678, 420101627);
insert into "PORTAL"."ROLE_PERMISSION_RELATION" ("ROLEID", "PERMISSIONID" ) values (915414678, 22175035);
insert into "PORTAL"."ROLE_PERMISSION_RELATION" ("ROLEID", "PERMISSIONID" ) values (915414678, 364159709);
insert into "PORTAL"."ROLE_PERMISSION_RELATION" ("ROLEID", "PERMISSIONID" ) values (915414678, 475459445);
insert into "PORTAL"."ROLE_PERMISSION_RELATION" ("ROLEID", "PERMISSIONID" ) values (915414678, 532279195);
insert into "PORTAL"."ROLE_PERMISSION_RELATION" ("ROLEID", "PERMISSIONID" ) values (915414678, 372792078);
insert into "PORTAL"."ROLE_PERMISSION_RELATION" ("ROLEID", "PERMISSIONID" ) values (915414678, 213410991);
insert into "PORTAL"."ROLE_PERMISSION_RELATION" ("ROLEID", "PERMISSIONID" ) values (107416603, 475459445);
insert into "PORTAL"."ROLE_PERMISSION_RELATION" ("ROLEID", "PERMISSIONID" ) values (362587950, 858435207);
insert into "PORTAL"."ROLE_PERMISSION_RELATION" ("ROLEID", "PERMISSIONID" ) values (362587950, 966097073);
insert into "PORTAL"."ROLE_PERMISSION_RELATION" ("ROLEID", "PERMISSIONID" ) values (362587950, 109269376);
insert into "PORTAL"."ROLE_PERMISSION_RELATION" ("ROLEID", "PERMISSIONID" ) values (362587950, 162158029);
insert into "PORTAL"."ROLE_PERMISSION_RELATION" ("ROLEID", "PERMISSIONID" ) values (362587950, 624341819);
insert into "PORTAL"."ROLE_PERMISSION_RELATION" ("ROLEID", "PERMISSIONID" ) values (362587950, 339638354);
insert into "PORTAL"."ROLE_PERMISSION_RELATION" ("ROLEID", "PERMISSIONID" ) values (362587950, 183951749);
insert into "PORTAL"."ROLE_PERMISSION_RELATION" ("ROLEID", "PERMISSIONID" ) values (362587950, 572331277);
insert into "PORTAL"."ROLE_PERMISSION_RELATION" ("ROLEID", "PERMISSIONID" ) values (371356211, 162158029);
insert into "PORTAL"."ROLE_PERMISSION_RELATION" ("ROLEID", "PERMISSIONID" ) values (371356211, 624341819);
insert into "PORTAL"."ROLE_PERMISSION_RELATION" ("ROLEID", "PERMISSIONID" ) values (371356211, 339638354);
insert into "PORTAL"."ROLE_PERMISSION_RELATION" ("ROLEID", "PERMISSIONID" ) values (371356211, 183951749);
insert into "PORTAL"."ROLE_PERMISSION_RELATION" ("ROLEID", "PERMISSIONID" ) values (371356211, 572331277);
insert into "PORTAL"."ROLE_PERMISSION_RELATION" ("ROLEID", "PERMISSIONID" ) values (571954363, 572331277);
insert into "PORTAL"."ROLE_PERMISSION_RELATION" ("ROLEID", "PERMISSIONID" ) values (605892161, 881661874);
insert into "PORTAL"."ROLE_PERMISSION_RELATION" ("ROLEID", "PERMISSIONID" ) values (605892161, 912534858);
insert into "PORTAL"."ROLE_PERMISSION_RELATION" ("ROLEID", "PERMISSIONID" ) values (605892161, 929450201);
insert into "PORTAL"."ROLE_PERMISSION_RELATION" ("ROLEID", "PERMISSIONID" ) values (605892161, 399098240);
insert into "PORTAL"."ROLE_PERMISSION_RELATION" ("ROLEID", "PERMISSIONID" ) values (605892161, 325516532);
insert into "PORTAL"."ROLE_PERMISSION_RELATION" ("ROLEID", "PERMISSIONID" ) values (605892161, 505606496);
insert into "PORTAL"."ROLE_PERMISSION_RELATION" ("ROLEID", "PERMISSIONID" ) values (605892161, 220551939);
insert into "PORTAL"."ROLE_PERMISSION_RELATION" ("ROLEID", "PERMISSIONID" ) values (355904868, 929450201);
insert into "PORTAL"."ROLE_PERMISSION_RELATION" ("ROLEID", "PERMISSIONID" ) values (355904868, 399098240);
insert into "PORTAL"."ROLE_PERMISSION_RELATION" ("ROLEID", "PERMISSIONID" ) values (355904868, 325516532);
insert into "PORTAL"."ROLE_PERMISSION_RELATION" ("ROLEID", "PERMISSIONID" ) values (355904868, 505606496);
insert into "PORTAL"."ROLE_PERMISSION_RELATION" ("ROLEID", "PERMISSIONID" ) values (355904868, 220551939);
insert into "PORTAL"."ROLE_PERMISSION_RELATION" ("ROLEID", "PERMISSIONID" ) values (621891020, 220551939);
insert into "PORTAL"."ROLE_PERMISSION_RELATION" ("ROLEID", "PERMISSIONID" ) values (39329881, 690586902);
insert into "PORTAL"."ROLE_PERMISSION_RELATION" ("ROLEID", "PERMISSIONID" ) values (39329881, 84823895);
insert into "PORTAL"."ROLE_PERMISSION_RELATION" ("ROLEID", "PERMISSIONID" ) values (39329881, 803267290);
insert into "PORTAL"."ROLE_PERMISSION_RELATION" ("ROLEID", "PERMISSIONID" ) values (39329881, 623159081);
insert into "PORTAL"."ROLE_PERMISSION_RELATION" ("ROLEID", "PERMISSIONID" ) values (39329881, 321474000);
insert into "PORTAL"."ROLE_PERMISSION_RELATION" ("ROLEID", "PERMISSIONID" ) values (39329881, 324425447);
insert into "PORTAL"."ROLE_PERMISSION_RELATION" ("ROLEID", "PERMISSIONID" ) values (637062145, 803267290);
insert into "PORTAL"."ROLE_PERMISSION_RELATION" ("ROLEID", "PERMISSIONID" ) values (637062145, 623159081);
insert into "PORTAL"."ROLE_PERMISSION_RELATION" ("ROLEID", "PERMISSIONID" ) values (637062145, 321474000);
insert into "PORTAL"."ROLE_PERMISSION_RELATION" ("ROLEID", "PERMISSIONID" ) values (637062145, 324425447);
insert into "PORTAL"."ROLE_PERMISSION_RELATION" ("ROLEID", "PERMISSIONID" ) values (161593139, 324425447);
insert into "PORTAL"."ROLE_PERMISSION_RELATION" ("ROLEID", "PERMISSIONID" ) values (169911672, 745886545);
insert into "PORTAL"."ROLE_PERMISSION_RELATION" ("ROLEID", "PERMISSIONID" ) values (169911672, 598645700);
insert into "PORTAL"."ROLE_PERMISSION_RELATION" ("ROLEID", "PERMISSIONID" ) values (169911672, 80857519);
insert into "PORTAL"."ROLE_PERMISSION_RELATION" ("ROLEID", "PERMISSIONID" ) values (169911672, 446273412);
insert into "PORTAL"."ROLE_PERMISSION_RELATION" ("ROLEID", "PERMISSIONID" ) values (169911672, 720773172);
insert into "PORTAL"."ROLE_PERMISSION_RELATION" ("ROLEID", "PERMISSIONID" ) values (169911672, 333902330);
insert into "PORTAL"."ROLE_PERMISSION_RELATION" ("ROLEID", "PERMISSIONID" ) values (169911672, 397512828);
insert into "PORTAL"."ROLE_PERMISSION_RELATION" ("ROLEID", "PERMISSIONID" ) values (169911672, 497863968);
insert into "PORTAL"."ROLE_PERMISSION_RELATION" ("ROLEID", "PERMISSIONID" ) values (169911672, 443952734);
insert into "PORTAL"."ROLE_PERMISSION_RELATION" ("ROLEID", "PERMISSIONID" ) values (169911672, 184626016);
insert into "PORTAL"."ROLE_PERMISSION_RELATION" ("ROLEID", "PERMISSIONID" ) values (169911672, 856522479);
insert into "PORTAL"."ROLE_PERMISSION_RELATION" ("ROLEID", "PERMISSIONID" ) values (169911672, 124707496);
insert into "PORTAL"."ROLE_PERMISSION_RELATION" ("ROLEID", "PERMISSIONID" ) values (169911672, 93675766);
insert into "PORTAL"."ROLE_PERMISSION_RELATION" ("ROLEID", "PERMISSIONID" ) values (169911672, 158061905);
insert into "PORTAL"."ROLE_PERMISSION_RELATION" ("ROLEID", "PERMISSIONID" ) values (716666232, 80857519);
insert into "PORTAL"."ROLE_PERMISSION_RELATION" ("ROLEID", "PERMISSIONID" ) values (716666232, 446273412);
insert into "PORTAL"."ROLE_PERMISSION_RELATION" ("ROLEID", "PERMISSIONID" ) values (716666232, 397512828);
insert into "PORTAL"."ROLE_PERMISSION_RELATION" ("ROLEID", "PERMISSIONID" ) values (716666232, 497863968);
insert into "PORTAL"."ROLE_PERMISSION_RELATION" ("ROLEID", "PERMISSIONID" ) values (716666232, 93675766);
insert into "PORTAL"."ROLE_PERMISSION_RELATION" ("ROLEID", "PERMISSIONID" ) values (716666232, 443952734);
insert into "PORTAL"."ROLE_PERMISSION_RELATION" ("ROLEID", "PERMISSIONID" ) values (716666232, 124707496);
insert into "PORTAL"."ROLE_PERMISSION_RELATION" ("ROLEID", "PERMISSIONID" ) values (716666232, 158061905);
insert into "PORTAL"."ROLE_PERMISSION_RELATION" ("ROLEID", "PERMISSIONID" ) values (784393864, 446273412);
insert into "PORTAL"."ROLE_PERMISSION_RELATION" ("ROLEID", "PERMISSIONID" ) values (784393864, 497863968);
insert into "PORTAL"."ROLE_PERMISSION_RELATION" ("ROLEID", "PERMISSIONID" ) values (784393864, 158061905);
insert into "PORTAL"."ROLE_PERMISSION_RELATION" ("ROLEID", "PERMISSIONID" ) values (88689312, 973536152);
insert into "PORTAL"."ROLE_PERMISSION_RELATION" ("ROLEID", "PERMISSIONID" ) values (88689312, 286690289);
insert into "PORTAL"."ROLE_PERMISSION_RELATION" ("ROLEID", "PERMISSIONID" ) values (88689312, 71661407);
insert into "PORTAL"."ROLE_PERMISSION_RELATION" ("ROLEID", "PERMISSIONID" ) values (88689312, 893028355);
insert into "PORTAL"."ROLE_PERMISSION_RELATION" ("ROLEID", "PERMISSIONID" ) values (88689312, 498913143);
insert into "PORTAL"."ROLE_PERMISSION_RELATION" ("ROLEID", "PERMISSIONID" ) values (88689312, 629667461);
insert into "PORTAL"."ROLE_PERMISSION_RELATION" ("ROLEID", "PERMISSIONID" ) values (88689312, 213810364);
insert into "PORTAL"."ROLE_PERMISSION_RELATION" ("ROLEID", "PERMISSIONID" ) values (17624277, 893028355);
insert into "PORTAL"."ROLE_PERMISSION_RELATION" ("ROLEID", "PERMISSIONID" ) values (17624277, 498913143);
insert into "PORTAL"."ROLE_PERMISSION_RELATION" ("ROLEID", "PERMISSIONID" ) values (17624277, 629667461);
insert into "PORTAL"."ROLE_PERMISSION_RELATION" ("ROLEID", "PERMISSIONID" ) values (17624277, 213810364);
insert into "PORTAL"."ROLE_PERMISSION_RELATION" ("ROLEID", "PERMISSIONID" ) values (647273409, 213810364);
insert into "PORTAL"."ROLE_PERMISSION_RELATION" ("ROLEID", "PERMISSIONID" ) values (67497586, 847235516);
insert into "PORTAL"."ROLE_PERMISSION_RELATION" ("ROLEID", "PERMISSIONID" ) values (67497586, 282123685);
insert into "PORTAL"."ROLE_PERMISSION_RELATION" ("ROLEID", "PERMISSIONID" ) values (67497586, 172961141);
insert into "PORTAL"."ROLE_PERMISSION_RELATION" ("ROLEID", "PERMISSIONID" ) values (67497586, 530932093);
insert into "PORTAL"."ROLE_PERMISSION_RELATION" ("ROLEID", "PERMISSIONID" ) values (67497586, 776382039);
insert into "PORTAL"."ROLE_PERMISSION_RELATION" ("ROLEID", "PERMISSIONID" ) values (67497586, 634844021);
insert into "PORTAL"."ROLE_PERMISSION_RELATION" ("ROLEID", "PERMISSIONID" ) values (67497586, 799123714);
insert into "PORTAL"."ROLES_RELATION" ("GROUPEDROLEID", "ROLEID", "PROJECTID" ) values (883676380, 362587950, 0);
insert into "PORTAL"."ROLES_RELATION" ("GROUPEDROLEID", "ROLEID", "PROJECTID" ) values (883676380, 605892161, 0);
insert into "PORTAL"."ROLES_RELATION" ("GROUPEDROLEID", "ROLEID", "PROJECTID" ) values (883676380, 39329881, 0);
insert into "PORTAL"."ROLES_RELATION" ("GROUPEDROLEID", "ROLEID", "PROJECTID" ) values (883676380, 169911672, 0);
insert into "PORTAL"."ROLES_RELATION" ("GROUPEDROLEID", "ROLEID", "PROJECTID" ) values (883676380, 88689312, 0);
insert into "PORTAL"."ROLES_RELATION" ("GROUPEDROLEID", "ROLEID", "PROJECTID" ) values (883676380, 398413305, 0);
insert into "PORTAL"."ROLES_RELATION" ("GROUPEDROLEID", "ROLEID", "PROJECTID" ) values (883676380, 67497586, 0);
insert into "PORTAL"."ROLES_RELATION" ("GROUPEDROLEID", "ROLEID", "PROJECTID" ) values (884519246, 362587950, 0);
insert into "PORTAL"."ROLES_RELATION" ("GROUPEDROLEID", "ROLEID", "PROJECTID" ) values (884519246, 605892161, 0);
insert into "PORTAL"."ROLES_RELATION" ("GROUPEDROLEID", "ROLEID", "PROJECTID" ) values (884519246, 39329881, 0);
insert into "PORTAL"."ROLES_RELATION" ("GROUPEDROLEID", "ROLEID", "PROJECTID" ) values (884519246, 169911672, 0);
insert into "PORTAL"."ROLES_RELATION" ("GROUPEDROLEID", "ROLEID", "PROJECTID" ) values (884519246, 88689312, 0);
insert into "PORTAL"."ROLES_RELATION" ("GROUPEDROLEID", "ROLEID", "PROJECTID" ) values (654969859, 398413305, 0);
insert into "PORTAL"."SERVICE" ("ID", "UUID", "NAME", "DESCRIPTION", "CREATEDTIME", "UPDATEDTIME", "DELETEDTIME", "ISDELETED" ) values (100, '00000064', 'Container', 'Container Service', TO_DATE('2017/04/19 03:40:50', 'YYYY/MM/DD HH24:MI:SS'), TO_DATE('2017/04/19 03:40:50', 'YYYY/MM/DD HH24:MI:SS'), null, '0');
insert into "PORTAL"."SERVICE" ("ID", "UUID", "NAME", "DESCRIPTION", "CREATEDTIME", "UPDATEDTIME", "DELETEDTIME", "ISDELETED" ) values (200, '000000c8', 'Database', 'Database Service', TO_DATE('2017/04/19 03:41:10', 'YYYY/MM/DD HH24:MI:SS'), TO_DATE('2017/04/19 03:41:10', 'YYYY/MM/DD HH24:MI:SS'), null, '0');
insert into "PORTAL"."SERVICE" ("ID", "UUID", "NAME", "DESCRIPTION", "CREATEDTIME", "UPDATEDTIME", "DELETEDTIME", "ISDELETED" ) values (300, '0000012c', 'CDS', 'CDS Service', TO_DATE('2017/04/19 03:41:26', 'YYYY/MM/DD HH24:MI:SS'), TO_DATE('2017/04/19 03:41:26', 'YYYY/MM/DD HH24:MI:SS'), null, '0');
insert into "PORTAL"."SERVICE" ("ID", "UUID", "NAME", "DESCRIPTION", "CREATEDTIME", "UPDATEDTIME", "DELETEDTIME", "ISDELETED" ) values (400, '00000190', 'Application Framework', 'Application Framework Service', TO_DATE('2017/04/19 03:41:43', 'YYYY/MM/DD HH24:MI:SS'), TO_DATE('2017/04/19 03:41:43', 'YYYY/MM/DD HH24:MI:SS'), null, '0');
insert into "PORTAL"."SERVICE" ("ID", "UUID", "NAME", "DESCRIPTION", "CREATEDTIME", "UPDATEDTIME", "DELETEDTIME", "ISDELETED" ) values (500, '000001f4', 'File System', 'File System Service', TO_DATE('2017/04/19 03:42:17', 'YYYY/MM/DD HH24:MI:SS'), TO_DATE('2017/04/19 03:42:17', 'YYYY/MM/DD HH24:MI:SS'), null, '0');
insert into "PORTAL"."SERVICE" ("ID", "UUID", "NAME", "DESCRIPTION", "CREATEDTIME", "UPDATEDTIME", "DELETEDTIME", "ISDELETED" ) values (600, '00000258', 'Network', 'Network Service', TO_DATE('2017/04/19 03:42:34', 'YYYY/MM/DD HH24:MI:SS'), TO_DATE('2017/04/19 03:42:34', 'YYYY/MM/DD HH24:MI:SS'), null, '0');
insert into "PORTAL"."SERVICE" ("ID", "UUID", "NAME", "DESCRIPTION", "CREATEDTIME", "UPDATEDTIME", "DELETEDTIME", "ISDELETED" ) values (700, '000002bc', 'Backup & Recovery', 'Backup & Recovery Service', TO_DATE('2017/04/19 03:43:05', 'YYYY/MM/DD HH24:MI:SS'), TO_DATE('2017/04/19 03:43:05', 'YYYY/MM/DD HH24:MI:SS'), null, '0');
insert into "PORTAL"."TENANT" ("ID", "NAME", "CREATEDTIME", "UPDATEDTIME", "DELETEDTIME", "DESCRIPTION", "ISDELETED", "UUID" ) values (121236589, 'Tenant-Demo', TO_DATE('2017/04/13 11:44:52', 'YYYY/MM/DD HH24:MI:SS'), TO_DATE('2017/04/13 11:44:52', 'YYYY/MM/DD HH24:MI:SS'), null, 'For Demo', '0', '0739ec6d');
insert into "PORTAL"."TENANT" ("ID", "NAME", "CREATEDTIME", "UPDATEDTIME", "DELETEDTIME", "DESCRIPTION", "ISDELETED", "UUID" ) values (653810047, 'tenant-test', TO_DATE('2017/04/20 16:30:11', 'YYYY/MM/DD HH24:MI:SS'), TO_DATE('2017/04/20 16:30:11', 'YYYY/MM/DD HH24:MI:SS'), null, 'It''s Test!', '0', '26f8597f');
insert into "PORTAL"."TENANT_SERVICE" ("TENANTID", "SERVICEID" ) values (653810047, 300);
insert into "PORTAL"."TENANT_SERVICE" ("TENANTID", "SERVICEID" ) values (121236589, 100);
insert into "PORTAL"."TENANT_SERVICE" ("TENANTID", "SERVICEID" ) values (121236589, 200);
insert into "PORTAL"."TENANT_SERVICE" ("TENANTID", "SERVICEID" ) values (121236589, 400);
insert into "PORTAL"."TENANT_SERVICE" ("TENANTID", "SERVICEID" ) values (121236589, 500);
insert into "PORTAL"."TENANT_SERVICE" ("TENANTID", "SERVICEID" ) values (121236589, 600);
insert into "PORTAL"."TENANT_SERVICE" ("TENANTID", "SERVICEID" ) values (121236589, 700);
insert into "PORTAL"."TENANT_SERVICE" ("TENANTID", "SERVICEID" ) values (653810047, 100);
insert into "PORTAL"."TENANT_SERVICE" ("TENANTID", "SERVICEID" ) values (653810047, 200);
insert into "PORTAL"."TENANT_SERVICE" ("TENANTID", "SERVICEID" ) values (653810047, 400);
insert into "PORTAL"."TENANT_SERVICE" ("TENANTID", "SERVICEID" ) values (653810047, 500);
insert into "PORTAL"."TENANT_SERVICE" ("TENANTID", "SERVICEID" ) values (653810047, 600);
insert into "PORTAL"."TENANT_SERVICE" ("TENANTID", "SERVICEID" ) values (653810047, 700);
insert into "PORTAL"."TENANT_USER_RELATION" ("TENANTID", "USERID", "ROLEID" ) values (121236589, 162043870, null);
insert into "PORTAL"."USERS" ("ID", "EMAIL", "NAME", "POSITION", "DEPARTMENT", "COMPANYID", "PHONE", "PAYMENTID", "CREATEDTIME", "UPDATEDTIME", "DELETEDTIME", "ISDELETED", "UUID" ) values (102416560, 'csp@tmax.co.kr', 'Paul Pogba', null, null, 0, null, 0, TO_DATE('2017/04/18 00:03:19', 'YYYY/MM/DD HH24:MI:SS'), TO_DATE('2017/04/18 00:03:19', 'YYYY/MM/DD HH24:MI:SS'), null, '0', '061ac0b0');
insert into "PORTAL"."USERS" ("ID", "EMAIL", "NAME", "POSITION", "DEPARTMENT", "COMPANYID", "PHONE", "PAYMENTID", "CREATEDTIME", "UPDATEDTIME", "DELETEDTIME", "ISDELETED", "UUID" ) values (162043870, 'hochul@tmax.co.kr', 'Hochul', null, null, 1, null, 2, TO_DATE('2017/04/12 07:52:24', 'YYYY/MM/DD HH24:MI:SS'), TO_DATE('2017/04/12 07:52:24', 'YYYY/MM/DD HH24:MI:SS'), null, '0', '09a897de');

commit;
exit;
